{"cameraMode":{"drawMode":0,"name":"Shaded","section":"Shading Mode"},"sceneLighting":false,"audioPlay":false,"sceneViewState":{"m_AlwaysRefresh":false,"showFog":true,"showSkybox":false,"showFlares":true,"showImageEffects":true,"showParticleSystems":true,"showVisualEffectGraphs":true,"m_FxEnabled":true},"in2DMode":false,"pivot":{"x":-0.0139404172077775,"y":0.0002788515412248671,"z":-0.004780556540936232},"rotation":{"x":-0.2084539383649826,"y":-0.007634476292878389,"z":0.0016282693250104786,"w":-0.9780057668685913},"size":21.416242599487306,"orthographic":false}