{
    "RiggedChris": {
        "Version": "1.10.1822.1",
        "Scene": {
            "Name": true,
            "SupportShaderSelect": true
        },
        "Export Directory": "C:/Users/willy/Desktop/Unity/Chris Model",
        "Object": {
            "RiggedChris": {
                "Generation": "AccuRig",
                "Physics": {},
                "Meshes": {
                    "Mesh_0": {
                        "Materials": {
                            "Material_0_Pbr": {
                                "Material Type": "Pbr",
                                "MultiUV Index": 0,
                                "Two Side": true,
                                "Diffuse Color": [
                                    204.0,
                                    204.0,
                                    204.0
                                ],
                                "Ambient Color": [
                                    12.973380088806153,
                                    12.973380088806153,
                                    12.973380088806153
                                ],
                                "Specular Color": [
                                    204.0,
                                    204.0,
                                    204.0
                                ],
                                "Opacity": 1.0,
                                "Self Illumination": 0.0,
                                "Textures": {}
                            },
                            "_A1A1A_001_Pbr": {
                                "Material Type": "Pbr",
                                "MultiUV Index": 0,
                                "Two Side": true,
                                "Diffuse Color": [
                                    2.549999952316284,
                                    2.549999952316284,
                                    2.549999952316284
                                ],
                                "Ambient Color": [
                                    12.973380088806153,
                                    12.973380088806153,
                                    12.973380088806153
                                ],
                                "Specular Color": [
                                    2.549999952316284,
                                    2.549999952316284,
                                    2.549999952316284
                                ],
                                "Opacity": 1.0,
                                "Self Illumination": 0.0,
                                "Textures": {}
                            },
                            "FFFFFF_001_Pbr": {
                                "Material Type": "Pbr",
                                "MultiUV Index": 0,
                                "Two Side": true,
                                "Diffuse Color": [
                                    255.0,
                                    255.0,
                                    255.0
                                ],
                                "Ambient Color": [
                                    12.973380088806153,
                                    12.973380088806153,
                                    12.973380088806153
                                ],
                                "Specular Color": [
                                    255.0,
                                    255.0,
                                    255.0
                                ],
                                "Opacity": 1.0,
                                "Self Illumination": 0.0,
                                "Textures": {}
                            },
                            "_A1A1A_Pbr": {
                                "Material Type": "Pbr",
                                "MultiUV Index": 0,
                                "Two Side": true,
                                "Diffuse Color": [
                                    2.549999952316284,
                                    2.549999952316284,
                                    2.549999952316284
                                ],
                                "Ambient Color": [
                                    12.973380088806153,
                                    12.973380088806153,
                                    12.973380088806153
                                ],
                                "Specular Color": [
                                    2.549999952316284,
                                    2.549999952316284,
                                    2.549999952316284
                                ],
                                "Opacity": 1.0,
                                "Self Illumination": 0.0,
                                "Textures": {}
                            },
                            "FFFFFF_Pbr": {
                                "Material Type": "Pbr",
                                "MultiUV Index": 0,
                                "Two Side": true,
                                "Diffuse Color": [
                                    255.0,
                                    255.0,
                                    255.0
                                ],
                                "Ambient Color": [
                                    12.973380088806153,
                                    12.973380088806153,
                                    12.973380088806153
                                ],
                                "Specular Color": [
                                    255.0,
                                    255.0,
                                    255.0
                                ],
                                "Opacity": 1.0,
                                "Self Illumination": 0.0,
                                "Textures": {}
                            }
                        }
                    }
                }
            }
        }
    }
}